Material,BaseColor,Roughness,Metallic,EmissiveIntensity,WetnessResponse,bNaniteCompatible
Concrete,0.62;0.61;0.58,0.86,0.00,0.0,1.10,1
ConcreteDirty,0.47;0.45;0.41,0.92,0.00,0.0,1.20,1
BrickRed,0.46;0.21;0.17,0.82,0.00,0.0,1.00,1
BrickBrown,0.38;0.27;0.20,0.84,0.00,0.0,1.00,1
Sandstone,0.76;0.67;0.51,0.80,0.00,0.0,0.90,1
Stone,0.50;0.50;0.51,0.85,0.00,0.0,1.00,1
Granite,0.34;0.34;0.36,0.55,0.02,0.0,0.70,1
Marble,0.88;0.87;0.84,0.22,0.00,0.0,0.40,1
Steel,0.44;0.46;0.48,0.38,0.92,0.0,0.60,1
SteelRusted,0.36;0.22;0.14,0.78,0.62,0.0,1.10,1
Aluminium,0.72;0.73;0.74,0.30,0.95,0.0,0.50,1
Chrome,0.90;0.91;0.92,0.08,1.00,0.0,0.30,1
Copper,0.63;0.36;0.22,0.34,0.95,0.0,0.70,1
Corrugated,0.52;0.53;0.54,0.55,0.88,0.0,0.80,1
GlassClear,0.82;0.90;0.95,0.05,0.00,0.0,0.20,0
GlassTinted,0.20;0.26;0.30,0.08,0.10,0.0,0.20,0
GlassReflective,0.42;0.55;0.62,0.04,0.35,0.0,0.15,0
WindowLit,1.00;0.94;0.78,0.20,0.00,8.0,0.10,0
WindowLitWarm,1.00;0.82;0.55,0.20,0.00,12.0,0.10,0
WindowLitCool,0.72;0.86;1.00,0.20,0.00,9.0,0.10,0
NeonPink,1.00;0.20;0.62,0.30,0.00,45.0,0.10,0
NeonCyan,0.20;0.95;1.00,0.30,0.00,45.0,0.10,0
NeonAmber,1.00;0.68;0.18,0.30,0.00,40.0,0.10,0
NeonWhite,1.00;1.00;1.00,0.30,0.00,38.0,0.10,0
LightFixture,1.00;0.98;0.90,0.25,0.00,60.0,0.10,1
Asphalt,0.11;0.11;0.12,0.90,0.00,0.0,1.40,1
AsphaltWorn,0.18;0.17;0.17,0.94,0.00,0.0,1.30,1
ConcretePaving,0.56;0.55;0.53,0.88,0.00,0.0,1.10,1
TactilePaving,0.72;0.60;0.20,0.80,0.00,0.0,1.00,1
RoadLineWhite,0.86;0.86;0.84,0.70,0.00,0.0,0.90,1
RoadLineYellow,0.88;0.70;0.14,0.70,0.00,0.0,0.90,1
Crosswalk,0.84;0.84;0.82,0.72,0.00,0.0,0.90,1
ManholeCover,0.24;0.24;0.25,0.55,0.85,0.0,0.80,1
KerbStone,0.60;0.59;0.57,0.86,0.00,0.0,1.00,1
Gravel,0.42;0.40;0.38,0.95,0.00,0.0,0.60,1
RailTrack,0.40;0.38;0.35,0.42,0.90,0.0,0.70,1
RubberMat,0.08;0.08;0.09,0.97,0.00,0.0,0.50,1
Grass,0.22;0.42;0.18,0.92,0.00,0.0,0.90,1
GrassDry,0.52;0.46;0.24,0.94,0.00,0.0,0.80,1
Dirt,0.28;0.21;0.15,0.95,0.00,0.0,1.10,1
Mud,0.19;0.15;0.11,0.70,0.00,0.0,1.50,1
Sand,0.80;0.72;0.55,0.96,0.00,0.0,0.70,1
Rock,0.36;0.35;0.34,0.90,0.00,0.0,0.80,1
Snow,0.92;0.94;0.97,0.60,0.00,0.0,0.30,1
Ice,0.78;0.88;0.95,0.10,0.00,0.0,0.10,0
Water,0.06;0.22;0.32,0.02,0.00,0.0,0.00,0
TreeTrunk,0.26;0.18;0.12,0.92,0.00,0.0,1.00,1
LeavesGreen,0.18;0.38;0.16,0.88,0.00,0.0,0.70,0
LeavesAutumn,0.66;0.36;0.12,0.88,0.00,0.0,0.70,0
LeavesPine,0.11;0.26;0.16,0.90,0.00,0.0,0.70,0
Flowers,0.78;0.32;0.48,0.86,0.00,0.0,0.80,0
PlasterWhite,0.86;0.85;0.82,0.90,0.00,0.0,0.90,1
WoodOak,0.52;0.36;0.21,0.68,0.00,0.0,1.00,1
WoodDark,0.24;0.16;0.10,0.66,0.00,0.0,1.00,1
Tile,0.82;0.84;0.85,0.18,0.00,0.0,0.30,1
Carpet,0.34;0.20;0.22,0.98,0.00,0.0,1.20,1
Fabric,0.40;0.42;0.48,0.94,0.00,0.0,1.10,1
PaintedRed,0.62;0.12;0.12,0.62,0.00,0.0,1.00,1
PaintedBlue,0.12;0.26;0.58,0.62,0.00,0.0,1.00,1
PaintedYellow,0.86;0.72;0.16,0.62,0.00,0.0,1.00,1
PaintedGreen,0.14;0.44;0.22,0.62,0.00,0.0,1.00,1
PaintedGrey,0.40;0.40;0.41,0.66,0.00,0.0,1.00,1
PaintedWhite,0.88;0.88;0.87,0.60,0.00,0.0,1.00,1
