OutfitId,DistrictBias,SkinToneIndex,ShirtPaletteIndex,TrouserPaletteIndex,HasHat,HasBag
civilian_01,,1,3,0,0,0
civilian_02,,2,6,0,0,0
civilian_03,,3,9,0,0,1
civilian_04,,4,1,0,1,0
civilian_05,,5,4,0,0,0
civilian_06,,6,7,0,0,1
civilian_07,,0,10,0,0,0
civilian_08,,1,2,0,1,0
civilian_09,,2,5,0,0,1
civilian_10,,3,8,0,0,0
civilian_11,,4,0,0,0,0
civilian_12,,5,3,0,1,1
civilian_13,,6,6,0,0,0
civilian_14,,0,9,0,0,0
civilian_15,,1,1,0,0,1
civilian_16,,2,4,0,1,0
civilian_17,,3,7,0,0,0
civilian_18,,4,10,0,0,1
civilian_19,,5,2,0,0,0
civilian_20,,6,5,0,1,0
civilian_21,,0,8,0,0,1
civilian_22,,1,0,0,0,0
civilian_23,,2,3,0,0,0
civilian_24,,3,6,0,1,1
dock_worker_01,IronsideDocks,2,4,2,1,0
dock_worker_02,IronsideDocks,4,4,2,1,0
shopper_01,MarbellaRow,1,7,1,0,1
shopper_02,MarbellaRow,3,9,3,0,1
office_01,FoundryHeights,0,2,0,0,1
office_02,FoundryHeights,5,2,0,0,1
clubber_01,NeonMile,2,10,1,0,0
clubber_02,NeonMile,6,10,1,0,0
farmer_01,AshfallBasin,3,5,4,1,0
hiker_01,GraniteRidge,1,8,2,1,1
police_uniform,FoundryHeights,2,3,0,1,0
paramedic_uniform,NeonMile,0,6,0,0,1
firefighter_gear,IronsideDocks,4,1,0,1,0
