DistrictId,DisplayName,RoadDensity,BuildingDensity,Verticality,NatureAmount,ParcelSizeVoxels,BaseHeightVoxels,IsDowntown,IsRural,IsMountainous,HasParks,GenerateInteriors,InteriorFraction,StreetFurnitureDensity,VegetationDensity,SignageDensity,TrafficDensity,PedestrianDensity,SpeedLimitKmh,PolicePresence,FogDensityBias,RainBias,StreetlightWarmth,PropertyPriceMultiplier,MissionRewardMultiplier,CrimeRate,HLODMergeFactor,MapColor,Description
FoundryHeights,Foundry Heights,0.92,0.95,0.95,0.08,40,42,1,0,0,1,1,0.22,0.95,0.10,0.95,1.30,1.55,50,1.45,0.42,1.00,0.72,6.8,1.30,0.72,4,"0.36;0.52;0.84","The financial core: hundreds of glass and steel towers, skybridges, and streets that never empty."
RowanPark,Rowan Park,0.62,0.72,0.18,0.48,72,10,0,0,0,1,1,0.06,0.55,0.68,0.22,0.70,0.80,40,0.55,0.55,1.05,0.42,1.6,0.72,0.24,4,"0.42;0.72;0.40","Tree-lined streets of brick walk-ups and single-family houses, with school runs and weekend markets."
MarbellaRow,Marbella Row,0.74,0.86,0.52,0.22,52,26,0,0,0,1,1,0.30,0.88,0.34,0.86,0.85,1.05,45,0.90,0.34,0.95,0.88,9.4,1.45,0.38,4,"0.86;0.74;0.52","Flagship boutiques, marble lobbies and a boulevard built to be seen on."
IronsideDocks,Ironside Docks,0.58,0.66,0.14,0.18,96,14,0,0,0,0,1,0.10,0.42,0.12,0.30,0.95,0.42,40,0.80,0.72,1.10,0.28,2.1,1.10,0.86,4,"0.46;0.44;0.40","Container stacks, gantry cranes, cold-storage warehouses and the smell of diesel and salt."
CalderInternational,Calder International,0.44,0.34,0.22,0.30,128,18,0,0,0,0,1,0.36,0.30,0.16,0.24,0.60,0.70,60,1.10,0.48,1.00,0.92,3.2,0.95,0.22,6,"0.52;0.60;0.72","Two terminals, four runways, a cargo apron that never sleeps and a perimeter road built for speed."
HighwayNetwork,Highway Network,0.30,0.06,0.04,0.42,160,8,0,0,0,0,0,0.00,0.16,0.22,0.10,1.45,0.05,110,0.65,0.52,1.00,0.66,0.4,0.85,0.30,6,"0.40;0.42;0.46","The ring road, the tunnel under the Ashfall, and the bridges out to the basin."
AshfallBasin,Ashfall Basin,0.18,0.10,0.02,0.86,224,6,0,1,0,1,0,0.00,0.08,0.82,0.04,0.25,0.10,70,0.30,0.62,1.15,0.20,0.5,0.60,0.10,8,"0.34;0.56;0.36","Farmland, pine forest, the river's wide bend and three lakes that freeze in winter."
GraniteRidge,Granite Ridge,0.10,0.03,0.01,0.96,256,4,0,1,1,1,0,0.00,0.03,0.66,0.02,0.12,0.04,60,0.18,0.74,1.20,0.16,0.3,0.72,0.08,8,"0.50;0.50;0.54","Switchbacks, a decommissioned quarry, radio masts and snow above 900 metres."
NeonMile,Neon Mile,0.86,0.90,0.66,0.10,44,32,0,0,0,0,1,0.42,1.00,0.14,1.00,1.15,1.40,45,1.20,0.38,1.00,1.00,4.6,1.25,0.94,4,"0.86;0.34;0.62","Strip clubs, noodle bars, garages, a precinct house and a hospital, all under one neon canopy."
AshfallRiver,Ashfall River,0.24,0.14,0.08,0.78,140,8,0,1,0,1,0,0.00,0.14,0.72,0.06,0.35,0.18,50,0.35,0.86,1.20,0.24,0.9,0.78,0.14,6,"0.30;0.46;0.58","The river itself, its mudflats, two marinas and the bridge the whole city argues about."
